,Model,Dataset,Rhythm,Optimizer,Start LR,Final LR,Epoch,Train Accuracy,Val Accuracy,Test Accuracy,Train Time,Inference Time,ROC AUC
117,CNN,Mona Lisa,beta,Adamax,0.001,0.001,9,0.967741935483871,0.9032258064516128,0.932258064516129,41.96,2.18,0.9639299057107276
151,Small,Mona Lisa,beta,RMSprop,1e-05,1e-05,24,0.9564516129032258,0.8935483870967742,0.9193548387096774,108.59,2.17,0.9904821206191068
162,Big,Mona Lisa,beta,Adadelta,0.01,0.01,69,0.967741935483871,0.9258064516129032,0.9193548387096774,319.59,2.06,0.9883472691691868
10,Small,Mona Lisa,beta,Adam,1e-05,1.0000000000000002e-06,41,0.9564516129032258,0.9,0.9193548387096774,324.97,3.82,0.9886586016723002
67,Small,Mona Lisa,beta,NAdam,1e-05,1e-05,27,0.9568548387096776,0.9064516129032258,0.9161290322580644,124.04,2.08,0.9894814090019568
75,CNN,Mona Lisa,beta,RMSprop,0.001,0.0001,64,0.967741935483871,0.8935483870967742,0.9129032258064516,298.7,2.14,0.9437377690802348
59,Small,Mona Lisa,beta,Adamax,1e-05,1.0000000000000002e-06,41,0.9657258064516128,0.896774193548387,0.9129032258064516,185.32,2.08,0.9875911759473404
54,Big,Necker cube,beta,Adadelta,0.01,1e-05,100,0.967741935483871,0.9129032258064516,0.9129032258064516,491.37,2.17,0.9830101405443872
31,Small,Necker cube,beta,Adam,1e-05,1.0000000000000002e-06,27,0.9512096774193548,0.9032258064516128,0.9129032258064516,131.74,2.16,0.9822985233944136
196,Big,Mona Lisa,gamma,Adadelta,0.01,0.001,114,0.967741935483871,0.9225806451612903,0.9096774193548388,539.01,2.1,0.9833214730475004
165,Small,Necker cube,beta,NAdam,1e-05,1e-05,47,0.9548387096774194,0.896774193548387,0.9096774193548388,227.23,2.17,0.9826543319694004
127,Small,Necker cube,beta,RMSprop,1e-05,1.0000000000000002e-06,47,0.9548387096774194,0.9,0.9064516129032258,222.46,2.14,0.9811421455257072
91,CNN,Mona Lisa,beta,NAdam,0.001,0.001,2,0.894758064516129,0.8548387096774194,0.9064516129032258,9.53,2.17,0.9367105497242484
23,CNN,Mona Lisa,theta,Adadelta,0.001,0.001,23,0.9661290322580646,0.8806451612903226,0.9064516129032258,112.3,2.31,0.9368884540117416
92,Small,Mona Lisa,theta,RMSprop,1e-05,1e-05,24,0.9568548387096776,0.8741935483870967,0.9064516129032258,112.24,2.15,0.969622842910514
181,Big,Mona Lisa,beta,Adam,0.01,1.0000000000000002e-06,73,0.9483870967741936,0.8838709677419355,0.9064516129032258,332.9,2.08,0.9688000355808576
38,CNN,Mona Lisa,beta,Adagrad,0.001,0.0001,54,0.967741935483871,0.8709677419354839,0.9064516129032258,251.12,2.15,0.9365326454367552
133,Small,Mona Lisa,gamma,RMSprop,1e-05,1.0000000000000002e-07,31,0.9512096774193548,0.9193548387096774,0.9032258064516128,141.55,2.09,0.9809642412382138
71,CNN,Mona Lisa,beta,Adam,0.001,0.001,15,0.9633064516129032,0.9096774193548388,0.9032258064516128,70.15,2.21,0.9332858921900016
124,CNN,Mona Lisa,beta,SGD,0.001,0.001,25,0.9600806451612904,0.8806451612903226,0.9032258064516128,116.09,2.17,0.9331079879025084
121,CNN,Mona Lisa,beta,Adadelta,0.001,0.0001,94,0.967741935483871,0.9,0.9032258064516128,440.83,2.11,0.9338196050524816
49,Small,Mona Lisa,delta,Adam,1e-05,1.0000000000000002e-07,52,0.9608870967741936,0.9,0.9032258064516128,239.59,2.1,0.979896815513254
110,Small,Necker cube,beta,Adamax,1e-05,1e-05,47,0.9616935483870968,0.9096774193548388,0.9032258064516128,223.52,2.16,0.9818537626756804
206,Small,Mona Lisa,gamma,Adam,1e-05,1.0000000000000002e-06,24,0.9495967741935484,0.9096774193548388,0.9032258064516128,110.55,2.1,0.9833659491193738
63,Small,Necker cube,gamma,Adam,1e-05,1.0000000000000002e-07,47,0.9504032258064516,0.8806451612903226,0.9,224.6,2.15,0.9648639032200677
26,CNN,Mona Lisa,theta,SGD,0.001,0.001,27,0.9625,0.8709677419354839,0.9,130.68,2.26,0.9298612346557552
64,Small,Mona Lisa,gamma,NAdam,1e-05,1.0000000000000002e-07,31,0.952016129032258,0.9064516129032258,0.9,144.91,2.1,0.9872131293364168
21,Small,Necker cube,beta,Adagrad,1e-05,1e-05,47,0.9673387096774192,0.8903225806451613,0.9,224.27,2.16,0.9655310442981676
159,CNN,Necker cube,delta,Adadelta,0.001,0.0001,70,0.967741935483871,0.8935483870967742,0.896774193548387,341.82,2.29,0.9280377157089488
148,Big,Necker cube,gamma,Adadelta,0.01,0.01,91,0.967741935483871,0.896774193548387,0.896774193548387,444.48,2.16,0.9754492083259206
200,Small,Mona Lisa,theta,Adamax,1e-05,1.0000000000000002e-06,41,0.9657258064516128,0.8580645161290322,0.896774193548387,194.11,2.16,0.960772104607721
118,Small,Necker cube,delta,RMSprop,1e-05,1.0000000000000002e-06,50,0.9564516129032258,0.8741935483870967,0.896774193548387,234.71,2.16,0.9703344600604876
187,Small,Mona Lisa,theta,Adam,1e-05,1.0000000000000002e-06,41,0.9616935483870968,0.8580645161290322,0.8935483870967742,194.89,2.17,0.9713129336417008
79,Big,Necker cube,beta,Adagrad,0.01,0.01,17,0.9423387096774194,0.8870967741935484,0.8935483870967742,80.14,2.16,0.9600604874577476
146,Small,Necker cube,gamma,RMSprop,1e-05,1.0000000000000002e-06,47,0.9487903225806452,0.8806451612903226,0.8935483870967742,222.16,2.22,0.9614837217576944
33,Small,Mona Lisa,theta,NAdam,1e-05,1e-05,24,0.9536290322580644,0.8516129032258064,0.8935483870967742,114.91,2.16,0.9677993239637076
66,CNN,Necker cube,beta,SGD,0.001,0.001,29,0.9596774193548387,0.8774193548387097,0.8903225806451613,139.43,2.21,0.9195872620530154
16,CNN,Necker cube,beta,RMSprop,0.001,0.001,16,0.9661290322580646,0.8774193548387097,0.8903225806451613,77.0,2.16,0.9197651663405088
12,Small,Mona Lisa,alpha,NAdam,1e-05,1.0000000000000002e-06,41,0.966532258064516,0.8935483870967742,0.8870967741935484,190.85,2.13,0.9644636185732076
150,Small,Necker cube,delta,NAdam,1e-05,1.0000000000000002e-07,78,0.9560483870967742,0.8838709677419355,0.8870967741935484,371.56,2.14,0.975360256182174
197,Small,Mona Lisa,gamma,Adamax,1e-05,1.0000000000000002e-06,24,0.9633064516129032,0.9,0.8870967741935484,110.25,2.09,0.9752713040384272
53,CNN,Necker cube,beta,Adamax,0.001,0.001,6,0.9580645161290322,0.8935483870967742,0.8870967741935484,29.11,2.27,0.9165184130937556
163,Small,Necker cube,delta,Adam,1e-05,1.0000000000000002e-07,58,0.957258064516129,0.8774193548387097,0.8870967741935484,273.84,2.18,0.9741149261697206
141,CNN,Necker cube,beta,Adagrad,0.001,0.001,21,0.967741935483871,0.896774193548387,0.8870967741935484,101.69,2.2,0.9163405088062624
131,Big,Mona Lisa,gamma,Adam,0.01,0.001,24,0.9407258064516127,0.9129032258064516,0.8870967741935484,111.68,2.11,0.9778064401352072
103,Small,Mona Lisa,beta,Adagrad,1e-05,1.0000000000000002e-06,41,0.9669354838709676,0.8870967741935484,0.8870967741935484,185.24,2.11,0.9775840597758406
190,Small,Mona Lisa,delta,RMSprop,1e-05,1.0000000000000002e-06,38,0.9552419354838708,0.9032258064516128,0.8870967741935484,174.05,2.1,0.9764276819071338
70,Small,Mona Lisa,alpha,Adam,1e-05,1.0000000000000002e-07,52,0.966532258064516,0.8903225806451613,0.8838709677419355,236.08,2.05,0.9650862835794344
28,Small,Mona Lisa,gamma,SGD,1e-05,1.0000000000000002e-06,73,0.9629032258064516,0.9,0.8838709677419355,325.58,2.11,0.9672656111012276
106,Small,Mona Lisa,delta,NAdam,1e-05,1.0000000000000002e-07,52,0.9568548387096776,0.896774193548387,0.8838709677419355,241.23,2.11,0.9784735812133072
57,Small,Mona Lisa,alpha,Adamax,1e-05,1.0000000000000002e-07,73,0.9669354838709676,0.896774193548387,0.8838709677419355,331.18,2.09,0.9668208503824942
137,Small,Necker cube,gamma,NAdam,1e-05,1.0000000000000002e-07,47,0.9504032258064516,0.8774193548387097,0.8838709677419355,226.48,2.16,0.9653976160825476
96,Big,Mona Lisa,beta,Adagrad,0.01,0.01,11,0.9318548387096774,0.8774193548387097,0.8806451612903226,49.87,2.12,0.9538783134673546
113,Small,Mona Lisa,alpha,RMSprop,1e-05,1.0000000000000002e-07,41,0.9657258064516128,0.8838709677419355,0.8806451612903226,185.15,2.09,0.9662871375200142
191,Big,Mona Lisa,theta,Adadelta,0.01,0.01,50,0.9568548387096776,0.8774193548387097,0.8806451612903226,238.21,2.11,0.959971535314001
15,Small,Necker cube,gamma,Adamax,1e-05,1.0000000000000002e-07,47,0.960483870967742,0.8903225806451613,0.8806451612903226,222.41,2.15,0.9585483010140544
80,CNN,Necker cube,beta,Adam,0.001,0.001,22,0.9669354838709676,0.8709677419354839,0.8774193548387097,107.26,2.27,0.9066002490660026
204,Big,Mona Lisa,beta,Adamax,0.01,0.01,20,0.9173387096774194,0.8774193548387097,0.8774193548387097,91.27,2.08,0.9618617683686176
5,Big,Necker cube,beta,SGD,0.01,0.01,21,0.9431451612903226,0.8870967741935484,0.8774193548387097,98.29,2.16,0.941113680839708
193,Big,Necker cube,beta,Adamax,0.01,0.01,17,0.9193548387096774,0.867741935483871,0.8774193548387097,81.2,2.15,0.9437377690802348
17,Small,Necker cube,alpha,RMSprop,1e-05,1.0000000000000004e-08,78,0.9625,0.8806451612903226,0.8774193548387097,368.24,2.19,0.9586372531578012
170,CNN,Necker cube,beta,NAdam,0.001,0.001,9,0.9633064516129032,0.8935483870967742,0.8774193548387097,43.97,2.25,0.9066002490660026
35,Small,Mona Lisa,gamma,Adagrad,1e-05,1.0000000000000002e-06,31,0.9653225806451612,0.9064516129032258,0.8774193548387097,141.11,2.09,0.9643301903575876
195,Big,Mona Lisa,gamma,Adagrad,0.01,0.001,27,0.9552419354838708,0.9064516129032258,0.8774193548387097,123.99,2.11,0.9488080412737946
178,Big,Necker cube,theta,Adadelta,0.01,0.01,58,0.9556451612903226,0.867741935483871,0.8774193548387097,285.56,2.17,0.9547678349048212
174,Big,Mona Lisa,gamma,NAdam,0.01,0.01,16,0.9314516129032258,0.8935483870967742,0.8774193548387097,74.68,2.11,0.944849670877068
0,Big,Mona Lisa,gamma,RMSprop,0.01,0.001,33,0.9411290322580644,0.8870967741935484,0.8774193548387097,150.78,2.1,0.9362657890055148
179,Small,Necker cube,theta,NAdam,1e-05,1.0000000000000004e-08,78,0.9629032258064516,0.8903225806451613,0.8741935483870967,377.89,2.17,0.9673545632449744
18,Small,Necker cube,alpha,Adam,1e-05,1.0000000000000004e-08,78,0.9625,0.8806451612903226,0.8741935483870967,372.2,2.17,0.9534335527486212
194,Big,Mona Lisa,beta,SGD,0.01,1e-05,39,0.952016129032258,0.8870967741935484,0.8741935483870967,172.23,2.13,0.9424479629959082
6,Big,Mona Lisa,gamma,SGD,0.01,0.01,9,0.9306451612903226,0.8741935483870967,0.8741935483870967,40.26,2.1,0.9608165806795944
62,Small,Necker cube,theta,RMSprop,1e-05,1.0000000000000002e-07,47,0.9616935483870968,0.9,0.8741935483870967,224.12,2.17,0.9604607721046078
73,Small,Mona Lisa,beta,SGD,1e-05,1e-05,98,0.967741935483871,0.867741935483871,0.8709677419354839,432.69,2.15,0.9758050169009072
95,CNN,Mona Lisa,delta,Adadelta,0.001,0.0001,63,0.967741935483871,0.9064516129032258,0.8709677419354839,300.24,2.17,0.9008183597224692
24,CNN,Necker cube,beta,Adadelta,0.001,0.001,22,0.935483870967742,0.896774193548387,0.8709677419354839,106.78,2.24,0.9004625511474827
42,Small,Necker cube,theta,Adam,1e-05,1.0000000000000002e-06,78,0.9608870967741936,0.8741935483870967,0.8709677419354839,374.09,2.18,0.9697340330901976
207,Small,Mona Lisa,delta,Adamax,1e-05,1.0000000000000004e-08,52,0.9620967741935484,0.8903225806451613,0.867741935483871,238.64,2.1,0.963707525351361
183,Small,Necker cube,alpha,Adamax,1e-05,1e-05,47,0.9657258064516128,0.8774193548387097,0.867741935483871,223.41,2.18,0.947518235189468
29,Small,Mona Lisa,alpha,Adagrad,1e-05,1.0000000000000002e-07,41,0.9612903225806452,0.8612903225806452,0.864516129032258,186.41,2.07,0.9364436932930084
149,Big,Necker cube,beta,NAdam,0.01,0.01,14,0.9245967741935484,0.8806451612903226,0.864516129032258,68.02,2.19,0.889187866927593
46,Small,Necker cube,beta,SGD,1e-05,1e-05,78,0.964516129032258,0.864516129032258,0.864516129032258,360.04,2.17,0.9573474470734744
177,CNN,Necker cube,alpha,Adadelta,0.001,0.001,26,0.9657258064516128,0.867741935483871,0.864516129032258,128.14,2.23,0.8932574275040028
122,Big,Mona Lisa,alpha,Adadelta,0.01,0.01,62,0.966532258064516,0.9161290322580644,0.864516129032258,223.76,1.55,0.9693115104074008
205,CNN,Mona Lisa,alpha,SGD,0.001,0.001,21,0.9661290322580646,0.8612903225806452,0.864516129032258,96.96,2.18,0.8925458103540295
143,Small,Necker cube,delta,Adamax,1e-05,1.0000000000000002e-06,47,0.9576612903225806,0.8548387096774194,0.8612903225806452,221.15,2.15,0.9559686888454012
81,Big,Mona Lisa,beta,RMSprop,0.01,0.01,14,0.9096774193548388,0.8741935483870967,0.8612903225806452,63.01,2.07,0.9228340152997688
47,Big,Necker cube,gamma,NAdam,0.01,0.001,43,0.9471774193548388,0.8741935483870967,0.8612903225806452,207.2,2.15,0.937666785269525
188,CNN,Mona Lisa,gamma,Adadelta,0.001,0.0001,52,0.9657258064516128,0.864516129032258,0.8580645161290322,246.07,2.15,0.886052303860523
93,Big,Necker cube,gamma,Adagrad,0.01,0.001,23,0.9544354838709678,0.8774193548387097,0.8548387096774194,108.2,2.15,0.8991282689912827
61,Big,Necker cube,gamma,RMSprop,0.01,0.001,41,0.9407258064516127,0.8838709677419355,0.8548387096774194,194.34,2.16,0.8937466642946094
180,Big,Mona Lisa,alpha,Adagrad,0.01,0.001,35,0.954032258064516,0.867741935483871,0.8548387096774194,155.45,2.08,0.9205657356342288
144,Big,Necker cube,delta,Adadelta,0.01,0.0001,65,0.942741935483871,0.8516129032258064,0.8548387096774194,321.89,2.18,0.9492972780644012
34,Big,Mona Lisa,delta,Adadelta,0.01,0.01,68,0.942741935483871,0.9032258064516128,0.8516129032258064,319.69,2.11,0.9412471090553284
111,CNN,Mona Lisa,alpha,Adadelta,0.001,0.001,21,0.967741935483871,0.8870967741935484,0.8516129032258064,99.47,2.11,0.8790250845045366
114,Big,Mona Lisa,gamma,Adamax,0.01,0.01,18,0.9431451612903226,0.8903225806451613,0.8516129032258064,83.49,2.1,0.914027753068849
112,Small,Necker cube,alpha,NAdam,1e-05,1.0000000000000002e-06,126,0.9629032258064516,0.8774193548387097,0.8516129032258064,605.93,2.2,0.9540117416829746
192,CNN,Mona Lisa,gamma,Adagrad,0.001,0.001,14,0.9637096774193548,0.8548387096774194,0.8516129032258064,65.98,2.19,0.8793808930795233
167,Small,Necker cube,theta,Adamax,1e-05,1.0000000000000002e-06,47,0.9641129032258065,0.8806451612903226,0.8516129032258064,225.08,2.18,0.9494307062800214
55,Small,Necker cube,alpha,SGD,1e-05,1e-05,126,0.964516129032258,0.864516129032258,0.8516129032258064,583.18,2.18,0.9298612346557552
85,CNN,Necker cube,gamma,Adamax,0.001,0.001,8,0.9205645161290322,0.8032258064516129,0.8516129032258064,39.06,2.28,0.8793808930795233
201,CNN,Mona Lisa,delta,Adagrad,0.001,0.001,77,0.9661290322580646,0.8935483870967742,0.8516129032258064,362.89,2.2,0.8797367016545099
37,CNN,Mona Lisa,gamma,Adamax,0.001,0.001,9,0.960483870967742,0.8741935483870967,0.8483870967741935,42.64,2.17,0.8757783312577834
68,Big,Necker cube,alpha,Adadelta,0.01,0.01,66,0.9637096774193548,0.8806451612903226,0.8483870967741935,321.96,2.17,0.9524995552392812
101,CNN,Mona Lisa,gamma,SGD,0.001,0.001,34,0.9399193548387096,0.8419354838709677,0.8483870967741935,160.2,2.22,0.8759562355452766
175,CNN,Necker cube,theta,Adadelta,0.001,0.0001,48,0.967741935483871,0.8935483870967742,0.8483870967741935,238.29,2.27,0.87720156555773
11,Small,Necker cube,gamma,Adagrad,1e-05,1.0000000000000002e-07,47,0.9653225806451612,0.8838709677419355,0.8483870967741935,222.38,2.17,0.930617327877602
160,CNN,Necker cube,alpha,SGD,0.001,0.0001,31,0.964516129032258,0.8580645161290322,0.8451612903225807,150.51,2.24,0.87413271659847
109,CNN,Mona Lisa,gamma,RMSprop,0.001,0.001,20,0.944758064516129,0.864516129032258,0.8419354838709677,94.54,2.19,0.8687511119017969
161,CNN,Necker cube,gamma,RMSprop,0.001,0.001,14,0.8491935483870968,0.7903225806451613,0.8419354838709677,68.23,2.28,0.8696406333392636
209,CNN,Mona Lisa,delta,SGD,0.001,0.0001,90,0.9641129032258065,0.9064516129032258,0.8419354838709677,421.98,2.21,0.8701743462017435
14,Small,Mona Lisa,theta,SGD,1e-05,1e-05,73,0.9532258064516128,0.7935483870967742,0.8419354838709677,335.44,2.18,0.9249688667496888
69,Big,Necker cube,beta,Adam,0.01,0.01,7,0.864516129032258,0.7903225806451613,0.8387096774193549,33.61,2.19,0.9185643123999288
107,Big,Necker cube,gamma,Adam,0.01,0.01,12,0.8883064516129032,0.8483870967741935,0.8387096774193549,57.11,2.15,0.9032645436755026
25,Big,Mona Lisa,beta,NAdam,0.01,0.001,23,0.9346774193548388,0.8451612903225807,0.8387096774193549,106.0,2.08,0.9516100338018146
140,Small,Necker cube,theta,SGD,1e-05,1e-05,126,0.9620967741935484,0.8580645161290322,0.8387096774193549,586.49,2.19,0.9310620885963352
27,CNN,Necker cube,gamma,Adadelta,0.001,0.001,40,0.9362903225806452,0.8354838709677419,0.8387096774193549,195.8,2.24,0.8669275929549902
189,Big,Necker cube,gamma,Adamax,0.01,0.01,8,0.9125,0.8387096774193549,0.8354838709677419,37.88,2.15,0.9132716598470024
3,Big,Mona Lisa,alpha,SGD,0.01,0.001,50,0.9544354838709678,0.8709677419354839,0.8354838709677419,221.82,2.07,0.922611634940402
98,CNN,Necker cube,theta,SGD,0.001,0.001,26,0.9552419354838708,0.8838709677419355,0.8354838709677419,126.93,2.27,0.8638587439957303
20,Big,Necker cube,alpha,Adagrad,0.01,0.01,17,0.9169354838709678,0.8387096774193549,0.8354838709677419,80.97,2.19,0.923412204234122
87,Big,Mona Lisa,delta,Adagrad,0.01,0.001,39,0.9290322580645162,0.8548387096774194,0.8354838709677419,177.38,2.1,0.9237680128091086
58,Big,Necker cube,theta,Adagrad,0.01,0.001,48,0.944758064516129,0.8612903225806452,0.8354838709677419,229.05,2.16,0.9255915317559154
147,Small,Necker cube,alpha,Adagrad,1e-05,1e-05,47,0.9625,0.8548387096774194,0.832258064516129,221.34,2.15,0.9198541184842556
119,CNN,Mona Lisa,theta,Adagrad,0.001,0.001,24,0.8875,0.7677419354838709,0.832258064516129,116.94,2.27,0.8593666607365237
60,Small,Mona Lisa,theta,Adagrad,1e-05,1e-05,24,0.9504032258064516,0.8193548387096774,0.832258064516129,129.27,2.5,0.9217665895748088
56,CNN,Mona Lisa,gamma,Adam,0.001,0.001,5,0.9512096774193548,0.864516129032258,0.8290322580645161,23.78,2.21,0.8555861946272905
152,Small,Mona Lisa,alpha,SGD,1e-05,1.0000000000000002e-07,73,0.9512096774193548,0.8290322580645161,0.8290322580645161,323.4,2.08,0.9205212595623554
8,CNN,Mona Lisa,gamma,NAdam,0.001,0.001,37,0.9342741935483873,0.8580645161290322,0.8290322580645161,175.96,2.19,0.8554082903397973
136,CNN,Necker cube,gamma,Adagrad,0.001,0.001,16,0.9532258064516128,0.8290322580645161,0.8258064516129032,78.15,2.23,0.8525173456680306
171,CNN,Necker cube,gamma,Adam,0.001,0.001,13,0.9189516129032258,0.8,0.8258064516129032,64.09,2.26,0.8523394413805373
43,Big,Mona Lisa,theta,RMSprop,0.01,1.0000000000000002e-06,77,0.9366935483870968,0.8225806451612904,0.8258064516129032,416.92,2.53,0.9143835616438356
104,Big,Necker cube,alpha,Adamax,0.01,1e-05,62,0.9512096774193548,0.8387096774193549,0.8258064516129032,296.05,2.19,0.920076498843622
153,CNN,Mona Lisa,alpha,Adamax,0.001,0.001,12,0.9326612903225806,0.8225806451612904,0.8258064516129032,55.76,2.17,0.8526952499555239
184,Big,Necker cube,beta,RMSprop,0.01,0.01,8,0.8790322580645161,0.8451612903225807,0.8258064516129032,38.23,2.19,0.9182974559686888
166,Small,Necker cube,theta,Adagrad,1e-05,1.0000000000000002e-06,47,0.9532258064516128,0.864516129032258,0.8225806451612904,224.94,2.17,0.910692047678349
123,Big,Necker cube,alpha,RMSprop,0.01,0.001,35,0.9282258064516128,0.8161290322580645,0.8225806451612904,166.03,2.16,0.8900106742572497
116,CNN,Necker cube,alpha,Adagrad,0.001,0.001,36,0.9548387096774194,0.8354838709677419,0.8225806451612904,174.87,2.28,0.8505159224337308
168,CNN,Mona Lisa,delta,Adamax,0.001,0.001,36,0.9391129032258064,0.8354838709677419,0.8225806451612904,170.79,2.2,0.8499822095712506
7,CNN,Mona Lisa,alpha,Adam,0.001,0.001,10,0.915725806451613,0.8161290322580645,0.8193548387096774,46.5,2.17,0.8467354563244973
169,Big,Mona Lisa,theta,SGD,0.01,0.001,24,0.9120967741935484,0.8,0.8161290322580645,125.66,2.49,0.9043319694004626
32,Big,Mona Lisa,delta,NAdam,0.01,0.001,36,0.9008064516129032,0.8225806451612904,0.8161290322580645,168.16,2.1,0.9061554883472692
97,CNN,Necker cube,gamma,NAdam,0.001,0.001,6,0.9411290322580644,0.8064516129032258,0.8161290322580645,29.63,2.2,0.8429549902152642
48,Big,Necker cube,theta,RMSprop,0.01,0.001,40,0.9181451612903224,0.8419354838709677,0.8129032258064516,190.99,2.18,0.9101360967799323
51,Big,Mona Lisa,theta,Adamax,0.01,0.001,26,0.8903225806451613,0.7612903225806451,0.8129032258064516,121.02,2.12,0.9123376623376624
185,CNN,Mona Lisa,alpha,RMSprop,0.001,0.001,23,0.9233870967741936,0.7967741935483871,0.8129032258064516,105.94,2.14,0.8389966198185376
41,Small,Mona Lisa,delta,Adagrad,1e-05,1e-05,27,0.9443548387096774,0.8451612903225807,0.8129032258064516,124.19,2.09,0.911225760540829
186,CNN,Necker cube,gamma,SGD,0.001,0.0001,28,0.9262096774193548,0.7838709677419354,0.8096774193548387,135.5,2.23,0.8371731008717309
65,Small,Necker cube,gamma,SGD,1e-05,1e-05,47,0.9491935483870968,0.8516129032258064,0.8096774193548387,218.03,2.22,0.917274506315602
30,Big,Mona Lisa,delta,SGD,0.01,0.001,51,0.9197580645161292,0.8419354838709677,0.8032258064516129,227.53,2.09,0.8923234299946629
129,Big,Mona Lisa,theta,Adam,0.01,0.0001,47,0.9225806451612903,0.7967741935483871,0.8032258064516129,222.53,2.45,0.9121597580501688
125,Big,Mona Lisa,theta,Adagrad,0.01,0.01,26,0.9056451612903226,0.8193548387096774,0.8,120.59,2.11,0.9048656822629426
172,Big,Necker cube,delta,Adagrad,0.01,0.001,40,0.9096774193548388,0.8516129032258064,0.8,189.72,2.15,0.9028642590286424
132,CNN,Mona Lisa,alpha,NAdam,0.001,0.0001,37,0.9149193548387096,0.8129032258064516,0.8,172.76,2.19,0.8258317025440314
94,Big,Necker cube,theta,SGD,0.01,0.001,51,0.9338709677419356,0.8516129032258064,0.8,237.64,2.19,0.8994840775662692
36,Big,Necker cube,delta,NAdam,0.01,0.001,37,0.8616935483870968,0.8161290322580645,0.7967741935483871,177.23,2.15,0.8668386408112435
1,Big,Mona Lisa,theta,NAdam,0.01,0.001,27,0.8673387096774193,0.7548387096774194,0.7967741935483871,150.8,2.49,0.8253424657534247
50,Small,Necker cube,delta,Adagrad,1e-05,1e-05,47,0.9330645161290324,0.8193548387096774,0.7967741935483871,221.64,2.22,0.9079345312222024
84,CNN,Mona Lisa,alpha,Adagrad,0.001,0.001,21,0.9169354838709678,0.7967741935483871,0.7967741935483871,98.57,2.17,0.8227628535847713
78,CNN,Necker cube,delta,Adagrad,0.001,0.0001,69,0.933467741935484,0.8290322580645161,0.7967741935483871,332.76,2.22,0.8243639921722113
154,Big,Mona Lisa,alpha,Adamax,0.01,0.001,32,0.9161290322580644,0.8258064516129032,0.7935483870967742,143.64,2.05,0.8962818003913895
134,Big,Necker cube,alpha,SGD,0.01,0.001,41,0.9435483870967742,0.8096774193548387,0.7935483870967742,189.56,2.18,0.9197206902686356
102,CNN,Mona Lisa,theta,Adam,0.001,0.0001,58,0.8814516129032258,0.8,0.7935483870967742,280.63,2.25,0.8200498132004981
83,CNN,Necker cube,delta,Adamax,0.001,0.001,29,0.8717741935483871,0.8032258064516129,0.7935483870967742,140.95,2.21,0.8200498132004981
89,Big,Necker cube,delta,Adam,0.01,0.0001,57,0.8991935483870968,0.8354838709677419,0.7935483870967742,273.16,2.22,0.8864525885073831
44,CNN,Necker cube,delta,SGD,0.001,0.001,27,0.8326612903225806,0.8032258064516129,0.7903225806451613,130.2,2.28,0.8168030599537448
72,Big,Mona Lisa,alpha,RMSprop,0.01,0.001,39,0.9306451612903226,0.8516129032258064,0.7903225806451613,174.71,2.11,0.8786692759295498
139,Small,Mona Lisa,delta,SGD,1e-05,1.0000000000000002e-06,78,0.9495967741935484,0.867741935483871,0.7903225806451613,348.71,2.12,0.913360611990749
40,Big,Mona Lisa,alpha,NAdam,0.01,0.01,31,0.905241935483871,0.8,0.7903225806451613,140.53,2.04,0.8727094822985234
208,CNN,Necker cube,alpha,Adam,0.001,0.0001,19,0.9358870967741936,0.7870967741935484,0.7870967741935484,93.1,2.25,0.8139121152819783
130,CNN,Necker cube,theta,NAdam,0.001,0.0001,59,0.9004032258064516,0.7870967741935484,0.7870967741935484,291.69,2.3,0.813734210994485
145,CNN,Necker cube,alpha,RMSprop,0.001,0.0001,33,0.9306451612903226,0.8193548387096774,0.7806451612903226,160.98,2.25,0.8068848959259918
2,CNN,Mona Lisa,theta,Adamax,0.001,0.0001,28,0.9225806451612903,0.7935483870967742,0.7806451612903226,136.83,2.3,0.8063511830635117
164,Big,Necker cube,gamma,SGD,0.01,0.001,27,0.9516129032258064,0.832258064516129,0.7774193548387097,124.89,2.17,0.9385118306351182
155,CNN,Necker cube,alpha,Adamax,0.001,0.001,34,0.8754032258064516,0.7774193548387097,0.7741935483870968,165.93,2.27,0.8003913894324852
199,CNN,Mona Lisa,delta,Adam,0.001,0.001,19,0.8004032258064516,0.7580645161290323,0.7709677419354839,90.24,2.23,0.7957214018857856
115,Big,Mona Lisa,delta,Adam,0.01,0.01,31,0.8399193548387097,0.7870967741935484,0.7709677419354839,143.6,2.09,0.8415317559153176
173,Big,Mona Lisa,alpha,Adam,0.01,0.01,17,0.8302419354838709,0.7677419354838709,0.7677419354838709,76.64,2.05,0.8577877601850205
88,Big,Mona Lisa,delta,Adamax,0.01,0.01,21,0.8286290322580645,0.8064516129032258,0.7645161290322581,96.61,2.1,0.847358121330724
82,Small,Necker cube,delta,SGD,1e-05,1.0000000000000002e-06,78,0.9237903225806452,0.8,0.7645161290322581,357.03,2.16,0.8572318092866038
176,CNN,Necker cube,theta,Adamax,0.001,0.001,35,0.896774193548387,0.7806451612903226,0.7612903225806451,172.46,2.27,0.7874043764454723
22,Big,Necker cube,delta,SGD,0.01,0.01,30,0.8693548387096774,0.8258064516129032,0.7612903225806451,137.71,2.21,0.8611901796833303
108,CNN,Necker cube,theta,Adagrad,0.001,0.001,16,0.8334677419354839,0.7322580645161291,0.7580645161290323,78.6,2.29,0.7850471446361856
126,CNN,Necker cube,alpha,NAdam,0.001,0.0001,24,0.9012096774193548,0.7838709677419354,0.7580645161290323,117.46,2.26,0.7839797189112258
13,Big,Mona Lisa,delta,RMSprop,0.01,0.01,22,0.8044354838709677,0.7451612903225806,0.7548387096774194,100.7,2.11,0.8565201921366306
105,Big,Necker cube,theta,Adam,0.01,0.001,25,0.9076612903225808,0.7838709677419354,0.7516129032258064,120.65,2.17,0.805194805194805
9,CNN,Necker cube,theta,RMSprop,0.001,0.001,11,0.7975806451612903,0.7225806451612903,0.7516129032258064,53.73,2.29,0.7765966909802526
128,Big,Necker cube,theta,NAdam,0.01,0.01,12,0.7721774193548387,0.7645161290322581,0.7516129032258064,57.93,2.18,0.8522060131649172
86,Big,Necker cube,delta,RMSprop,0.01,0.001,27,0.8588709677419355,0.7774193548387097,0.7451612903225806,127.32,2.15,0.8718199608610567
74,CNN,Necker cube,theta,Adam,0.001,0.001,19,0.807258064516129,0.7354838709677419,0.7387096774193549,94.19,2.3,0.7632538694182531
182,Big,Necker cube,theta,Adamax,0.01,0.01,16,0.8520161290322581,0.7774193548387097,0.7322580645161291,76.8,2.19,0.8102206013164917
100,CNN,Mona Lisa,theta,NAdam,0.001,0.0001,26,0.7915322580645161,0.7129032258064516,0.7290322580645161,126.59,2.23,0.7520903753780466
4,CNN,Mona Lisa,theta,RMSprop,0.001,0.001,13,0.8245967741935484,0.7483870967741936,0.7258064516129032,63.37,2.29,0.7509784735812134
45,Big,Necker cube,alpha,Adam,0.01,0.01,19,0.8657258064516129,0.7709677419354839,0.7225806451612903,91.23,2.19,0.8122665006226649
135,Big,Necker cube,alpha,NAdam,0.01,0.01,9,0.8173387096774194,0.7612903225806451,0.7193548387096774,43.71,2.19,0.8307240704500979
198,CNN,Necker cube,delta,NAdam,0.001,1e-05,70,0.8451612903225807,0.7709677419354839,0.7193548387096774,341.41,2.23,0.7435954456502403
19,Big,Necker cube,delta,Adamax,0.01,0.01,10,0.7608870967741935,0.7258064516129032,0.7193548387096774,47.86,2.22,0.8267212239814978
202,CNN,Mona Lisa,delta,RMSprop,0.001,0.0001,35,0.7842741935483871,0.7354838709677419,0.7161290322580646,164.8,2.23,0.739814979541007
120,Small,Mona Lisa,beta,Adadelta,1e-05,1e-05,98,0.8104838709677419,0.6645161290322581,0.6741935483870968,453.25,2.08,0.7837573385518591
52,CNN,Necker cube,delta,Adam,0.001,0.001,19,0.6951612903225807,0.6548387096774193,0.6548387096774193,92.64,2.3,0.675280199252802
99,Small,Mona Lisa,gamma,Adadelta,1e-05,1.0000000000000002e-07,73,0.6987903225806451,0.6774193548387096,0.6225806451612903,341.27,2.09,0.6926703433552749
142,Small,Necker cube,beta,Adadelta,1e-05,1.0000000000000002e-06,78,0.7088709677419355,0.6225806451612903,0.6193548387096774,392.93,2.24,0.7233143568760007
156,Small,Mona Lisa,alpha,Adadelta,1e-05,1.0000000000000002e-06,115,0.7459677419354839,0.6258064516129033,0.5870967741935483,537.45,2.06,0.6871553104429816
138,Small,Mona Lisa,theta,Adadelta,1e-05,1.0000000000000002e-07,78,0.6487903225806452,0.5806451612903226,0.5774193548387097,431.54,2.61,0.610745418964597
90,CNN,Mona Lisa,delta,NAdam,0.001,0.001,9,0.5419354838709678,0.535483870967742,0.5612903225806452,42.62,2.21,0.573652375022238
77,CNN,Necker cube,delta,RMSprop,0.001,0.001,18,0.6649193548387097,0.6258064516129033,0.5580645161290323,87.59,2.26,0.5755648461127912
39,Small,Necker cube,alpha,Adadelta,1e-05,1.0000000000000002e-06,65,0.6508064516129032,0.5967741935483871,0.5451612903225806,314.34,2.22,0.5920209927059242
76,Small,Necker cube,gamma,Adadelta,1e-05,1.0000000000000002e-06,27,0.5661290322580645,0.4967741935483871,0.535483870967742,131.01,2.16,0.5761430350471446
157,Small,Necker cube,theta,Adadelta,1e-05,1.0000000000000002e-07,18,0.494758064516129,0.4903225806451612,0.5032258064516129,87.84,2.17,0.4931506849315068
158,Small,Mona Lisa,delta,Adadelta,1e-05,1.0000000000000004e-08,26,0.5209677419354839,0.5645161290322581,0.4935483870967742,121.16,2.09,0.5168564312399929
203,Small,Necker cube,delta,Adadelta,1e-05,1e-05,4,0.4794354838709677,0.5129032258064516,0.4612903225806452,19.61,2.15,0.4525885073830279
