Model,Dataset,Rhythm,Optimizer,Start LR,Finish LR,Epoch,Train Accuracy,Val Accuracy,Test Accuracy,Train Time,Inference Time,ROC AUC
CNN,Mona Lisa,beta,Adamax,0.001,0.001,9,0.967741935483871,0.9032258064516128,0.935483870967742,54.2,1.69,0.9671766589574808
Big,Mona Lisa,gamma,Adadelta,0.01,0.001,115,0.967741935483871,0.9129032258064516,0.9225806451612903,629.04,1.63,0.9875911759473404
CNN,Mona Lisa,beta,Adam,0.001,0.001,25,0.967741935483871,0.9,0.9225806451612903,151.36,1.67,0.9534780288204944
Small,Mona Lisa,beta,NAdam,1e-05,1e-05,27,0.9548387096774194,0.9129032258064516,0.9193548387096774,144.07,1.75,0.988747553816047
CNN,Mona Lisa,beta,Adadelta,0.001,0.001,34,0.927016129032258,0.896774193548387,0.9161290322580644,210.41,1.67,0.9473403309019748
Small,Mona Lisa,beta,Adam,1e-05,1.0000000000000002e-06,41,0.957258064516129,0.896774193548387,0.9161290322580644,208.66,1.85,0.9886141256004268
Big,Necker cube,beta,Adadelta,0.01,0.01,89,0.967741935483871,0.9258064516129032,0.9161290322580644,482.43,1.09,0.9814979541006936
Small,Necker cube,beta,RMSprop,1e-05,1.0000000000000002e-07,47,0.9568548387096776,0.896774193548387,0.9129032258064516,202.58,1.52,0.9813200498132004
Small,Necker cube,beta,Adam,1e-05,1e-05,47,0.9524193548387097,0.896774193548387,0.9129032258064516,214.08,1.5,0.9826543319694006
Small,Necker cube,beta,NAdam,1e-05,1e-05,47,0.9548387096774194,0.9032258064516128,0.9129032258064516,227.49,1.52,0.9830101405443872
Small,Mona Lisa,beta,RMSprop,1e-05,1e-05,27,0.9528225806451612,0.9032258064516128,0.9129032258064516,129.79,1.76,0.9915050702721936
Small,Mona Lisa,beta,Adamax,1e-05,1.0000000000000002e-06,41,0.9653225806451612,0.896774193548387,0.9129032258064516,204.05,1.76,0.987680128091087
CNN,Necker cube,delta,Adadelta,0.001,0.0001,70,0.9673387096774192,0.9,0.9096774193548388,457.14,1.85,0.9410247286959617
CNN,Mona Lisa,theta,Adadelta,0.001,0.001,23,0.966532258064516,0.8741935483870967,0.9064516129032258,148.74,1.78,0.9368884540117416
CNN,Mona Lisa,beta,SGD,0.001,0.001,27,0.964516129032258,0.8935483870967742,0.9064516129032258,159.81,1.71,0.9363547411492616
CNN,Mona Lisa,beta,Adagrad,0.001,0.0001,54,0.967741935483871,0.8709677419354839,0.9064516129032258,321.46,1.7,0.9365326454367552
Big,Mona Lisa,beta,Adadelta,0.01,0.01,84,0.967741935483871,0.9193548387096774,0.9064516129032258,683.37,2.9,0.9872353673723536
CNN,Mona Lisa,theta,SGD,0.001,0.001,27,0.9641129032258065,0.8709677419354839,0.9064516129032258,164.52,1.79,0.9368884540117416
Small,Mona Lisa,gamma,Adam,1e-05,1.0000000000000002e-06,24,0.9495967741935484,0.9064516129032258,0.9064516129032258,123.25,1.78,0.9822540473225404
Small,Necker cube,beta,Adamax,1e-05,1e-05,47,0.9620967741935484,0.9096774193548388,0.9032258064516128,207.19,1.5,0.981764810531934
Small,Mona Lisa,gamma,NAdam,1e-05,1.0000000000000002e-07,31,0.9528225806451612,0.9064516129032258,0.9,166.28,1.78,0.9864347980786338
Small,Mona Lisa,gamma,RMSprop,1e-05,1.0000000000000002e-07,31,0.9524193548387097,0.9193548387096774,0.9,150.54,1.78,0.983010140544387
Small,Necker cube,beta,Adagrad,1e-05,1e-05,47,0.9673387096774192,0.8903225806451613,0.9,197.4,1.48,0.9655310442981676
Small,Necker cube,delta,RMSprop,1e-05,1.0000000000000002e-07,47,0.9528225806451612,0.8709677419354839,0.9,205.71,1.6,0.973625689379114
Small,Necker cube,delta,NAdam,1e-05,1.0000000000000002e-07,58,0.9552419354838708,0.8806451612903226,0.896774193548387,284.83,1.58,0.9741149261697206
Small,Necker cube,delta,Adam,1e-05,1.0000000000000002e-06,78,0.9524193548387097,0.8806451612903226,0.896774193548387,362.05,1.59,0.9794075787226472
Small,Mona Lisa,theta,Adam,1e-05,1e-05,24,0.9528225806451612,0.8709677419354839,0.8935483870967742,124.17,1.8,0.9709126489948408
Small,Necker cube,gamma,Adam,1e-05,1.0000000000000002e-07,47,0.9495967741935484,0.8838709677419355,0.8935483870967742,221.31,1.61,0.9641967621419676
Small,Mona Lisa,gamma,Adamax,1e-05,1.0000000000000002e-06,24,0.9637096774193548,0.9,0.8935483870967742,120.62,1.8,0.9771837751289808
Big,Necker cube,gamma,Adadelta,0.01,1e-05,95,0.967741935483871,0.9,0.8935483870967742,539.54,1.71,0.9721135029354206
Small,Mona Lisa,delta,NAdam,1e-05,1.0000000000000002e-07,78,0.9580645161290322,0.9032258064516128,0.8935483870967742,416.78,1.79,0.9789183419320406
Big,Mona Lisa,beta,Adam,0.01,0.001,31,0.9508064516129032,0.8870967741935484,0.8935483870967742,232.88,2.92,0.9591709660202812
CNN,Necker cube,beta,NAdam,0.001,0.001,14,0.966532258064516,0.9161290322580644,0.8903225806451613,90.19,1.81,0.9197651663405088
CNN,Mona Lisa,beta,RMSprop,0.001,0.001,30,0.9673387096774192,0.8903225806451613,0.8903225806451613,179.53,1.68,0.9202988792029888
Small,Mona Lisa,beta,Adagrad,1e-05,1.0000000000000002e-06,41,0.9669354838709676,0.8870967741935484,0.8870967741935484,196.72,1.85,0.9775395837039672
CNN,Necker cube,beta,Adagrad,0.001,0.001,18,0.9661290322580646,0.8935483870967742,0.8870967741935484,114.2,1.83,0.9163405088062624
Big,Necker cube,beta,Adamax,0.01,0.0001,37,0.9524193548387097,0.8806451612903226,0.8870967741935484,183.26,1.79,0.9542785981142146
Big,Mona Lisa,beta,Adagrad,0.01,0.01,19,0.9407258064516127,0.9,0.8870967741935484,139.09,2.87,0.9447162426614482
Small,Necker cube,gamma,RMSprop,1e-05,1.0000000000000004e-08,47,0.947983870967742,0.8806451612903226,0.8870967741935484,208.72,1.6,0.9605497242483544
Small,Mona Lisa,theta,RMSprop,1e-05,1.0000000000000002e-06,27,0.9641129032258065,0.8580645161290322,0.8870967741935484,131.52,1.96,0.9668653264543676
CNN,Necker cube,beta,Adamax,0.001,0.001,9,0.9637096774193548,0.9,0.8838709677419355,57.2,1.83,0.913093755559509
Small,Mona Lisa,theta,NAdam,1e-05,1.0000000000000002e-07,41,0.9625,0.8483870967741935,0.8838709677419355,222.0,1.8,0.9661981853762676
Big,Necker cube,beta,Adagrad,0.01,0.0001,56,0.9625,0.8935483870967742,0.8838709677419355,266.96,1.67,0.9575698274328412
Small,Mona Lisa,theta,Adamax,1e-05,1e-05,24,0.9620967741935484,0.8451612903225807,0.8838709677419355,121.2,1.8,0.9585927770859276
Small,Mona Lisa,gamma,SGD,1e-05,1.0000000000000002e-06,73,0.9629032258064516,0.9,0.8838709677419355,311.76,1.76,0.9672656111012276
Small,Necker cube,gamma,NAdam,1e-05,1.0000000000000002e-07,47,0.952016129032258,0.8806451612903226,0.8838709677419355,233.21,1.6,0.964374666429461
Big,Mona Lisa,gamma,Adagrad,0.01,0.001,24,0.9536290322580644,0.9,0.8838709677419355,110.09,1.62,0.9431595801458816
Small,Mona Lisa,alpha,Adamax,1e-05,1.0000000000000002e-06,52,0.9661290322580646,0.8903225806451613,0.8838709677419355,374.53,2.81,0.9659313289450276
Big,Mona Lisa,gamma,Adam,0.01,0.001,35,0.9451612903225808,0.9,0.8838709677419355,172.47,1.63,0.961305817470201
Small,Mona Lisa,delta,RMSprop,1e-05,1.0000000000000002e-07,52,0.9580645161290322,0.9032258064516128,0.8838709677419355,250.69,1.76,0.9790072940757872
Small,Mona Lisa,alpha,NAdam,1e-05,1.0000000000000002e-06,52,0.9657258064516128,0.8903225806451613,0.8838709677419355,391.43,2.88,0.964374666429461
Big,Mona Lisa,theta,Adadelta,0.01,0.01,49,0.9596774193548387,0.8903225806451613,0.8838709677419355,271.23,1.64,0.9653086639388008
Big,Mona Lisa,beta,NAdam,0.01,0.001,33,0.9387096774193548,0.8774193548387097,0.8806451612903226,259.72,2.9,0.9510763209393346
Small,Necker cube,gamma,Adamax,1e-05,1.0000000000000002e-07,47,0.9612903225806452,0.8935483870967742,0.8806451612903226,215.42,1.59,0.9581924924390676
CNN,Mona Lisa,beta,NAdam,0.001,0.001,5,0.9673387096774192,0.8709677419354839,0.8806451612903226,31.18,1.67,0.9102028108877426
Big,Mona Lisa,gamma,SGD,0.01,0.0001,41,0.9459677419354838,0.8774193548387097,0.8806451612903226,163.12,1.64,0.9633072407045008
Small,Mona Lisa,delta,Adam,1e-05,1.0000000000000004e-08,52,0.958467741935484,0.896774193548387,0.8774193548387097,265.66,1.75,0.9790072940757872
Small,Mona Lisa,delta,Adamax,1e-05,1.0000000000000002e-06,64,0.9641129032258065,0.9161290322580644,0.8774193548387097,319.73,1.77,0.9705123643479808
CNN,Necker cube,beta,Adadelta,0.001,0.001,32,0.927016129032258,0.9064516129032258,0.8774193548387097,207.87,1.89,0.9069560576409892
Small,Mona Lisa,alpha,Adam,1e-05,1.0000000000000002e-06,41,0.9657258064516128,0.8806451612903226,0.8774193548387097,301.06,2.87,0.9646859989325742
Small,Mona Lisa,gamma,Adagrad,1e-05,1.0000000000000002e-06,31,0.9653225806451612,0.9064516129032258,0.8774193548387097,150.01,1.79,0.9645525707169544
Small,Necker cube,theta,NAdam,1e-05,1e-05,47,0.958467741935484,0.8838709677419355,0.8774193548387097,235.82,1.64,0.9675769436043408
Small,Necker cube,theta,RMSprop,1e-05,1.0000000000000002e-06,78,0.9608870967741936,0.8838709677419355,0.8741935483870967,352.48,1.65,0.9692225582636542
Small,Necker cube,theta,Adam,1e-05,1.0000000000000002e-06,47,0.960483870967742,0.864516129032258,0.8741935483870967,226.02,1.64,0.9651752357231808
Small,Necker cube,alpha,RMSprop,1e-05,1.0000000000000002e-06,47,0.9629032258064516,0.8774193548387097,0.8741935483870967,231.04,1.82,0.9568137342109944
Small,Mona Lisa,beta,SGD,1e-05,1e-05,98,0.967741935483871,0.867741935483871,0.8709677419354839,413.87,1.74,0.9758494929727806
Big,Necker cube,delta,Adadelta,0.01,1e-05,98,0.9548387096774194,0.8709677419354839,0.8709677419354839,553.18,1.69,0.9474292830457214
Big,Mona Lisa,alpha,Adadelta,0.01,0.01,72,0.967741935483871,0.9064516129032258,0.8709677419354839,500.73,2.32,0.952855363814268
Big,Mona Lisa,gamma,NAdam,0.01,0.001,16,0.9294354838709676,0.8838709677419355,0.8709677419354839,82.76,1.64,0.945516811955168
Big,Mona Lisa,beta,SGD,0.01,0.01,11,0.9266129032258064,0.832258064516129,0.8709677419354839,73.24,2.94,0.9525440313111544
Small,Mona Lisa,alpha,RMSprop,1e-05,1e-05,27,0.9633064516129032,0.8838709677419355,0.8709677419354839,191.93,2.88,0.9659758050169008
CNN,Necker cube,beta,Adam,0.001,0.001,22,0.9669354838709676,0.8709677419354839,0.8709677419354839,140.03,1.83,0.8999288382850027
Big,Necker cube,alpha,Adadelta,0.01,0.01,81,0.9649193548387096,0.8806451612903226,0.867741935483871,453.87,1.67,0.950987368795588
CNN,Necker cube,beta,RMSprop,0.001,0.0001,21,0.9657258064516128,0.8838709677419355,0.867741935483871,133.48,1.84,0.8968599893257428
CNN,Necker cube,alpha,Adadelta,0.001,0.001,26,0.9669354838709676,0.864516129032258,0.867741935483871,167.62,1.79,0.8965041807507561
Big,Mona Lisa,gamma,Adamax,0.01,0.01,4,0.8592741935483871,0.8774193548387097,0.867741935483871,19.24,1.63,0.943381960505248
Small,Necker cube,alpha,NAdam,1e-05,1.0000000000000004e-08,78,0.9625,0.8774193548387097,0.867741935483871,423.06,1.8,0.953789361323608
Big,Mona Lisa,delta,Adadelta,0.01,1.0000000000000002e-06,107,0.9588709677419356,0.896774193548387,0.867741935483871,577.36,1.58,0.9438711972958548
CNN,Mona Lisa,gamma,Adadelta,0.001,0.001,39,0.9536290322580644,0.8580645161290322,0.867741935483871,250.12,1.76,0.8959704678882761
CNN,Mona Lisa,delta,Adadelta,0.001,0.0001,54,0.967741935483871,0.9,0.867741935483871,339.62,1.71,0.8972157979007295
Big,Necker cube,gamma,Adamax,0.01,0.001,40,0.9516129032258064,0.8838709677419355,0.864516129032258,199.73,1.71,0.934130937555595
Small,Necker cube,beta,SGD,1e-05,1e-05,78,0.964516129032258,0.864516129032258,0.864516129032258,289.29,1.55,0.9573474470734744
Big,Necker cube,beta,RMSprop,0.01,0.001,25,0.9383064516129032,0.8741935483870967,0.864516129032258,119.14,1.68,0.9562355452766412
Small,Necker cube,delta,Adamax,1e-05,1.0000000000000004e-08,78,0.9616935483870968,0.8709677419354839,0.864516129032258,351.37,1.55,0.959771392990571
Small,Mona Lisa,alpha,Adagrad,1e-05,1.0000000000000002e-07,41,0.9629032258064516,0.8612903225806452,0.8612903225806452,286.16,2.78,0.9360434086461484
CNN,Necker cube,alpha,SGD,0.001,0.001,26,0.9629032258064516,0.8516129032258064,0.8612903225806452,159.21,1.8,0.890722291407223
CNN,Mona Lisa,alpha,SGD,0.001,0.001,14,0.9471774193548388,0.8806451612903226,0.8612903225806452,120.16,2.98,0.889121152819783
Small,Necker cube,alpha,Adam,1e-05,1.0000000000000002e-06,47,0.9616935483870968,0.8806451612903226,0.8612903225806452,243.87,1.8,0.9526774595267744
Big,Mona Lisa,beta,RMSprop,0.01,0.01,9,0.8991935483870968,0.8483870967741935,0.8612903225806452,65.33,2.91,0.9313734210994488
Big,Necker cube,theta,Adadelta,0.01,0.01,41,0.954032258064516,0.8774193548387097,0.8580645161290322,234.14,1.83,0.9300836150151218
Small,Necker cube,alpha,Adamax,1e-05,1e-05,47,0.9657258064516128,0.8709677419354839,0.8580645161290322,238.15,1.79,0.948185376267568
CNN,Mona Lisa,delta,SGD,0.001,0.0001,120,0.9653225806451612,0.8838709677419355,0.8580645161290322,722.36,1.74,0.8867639210104963
Big,Mona Lisa,gamma,RMSprop,0.01,0.01,13,0.9173387096774194,0.8935483870967742,0.8580645161290322,60.1,1.62,0.9349315068493153
CNN,Mona Lisa,alpha,Adadelta,0.001,0.001,21,0.967741935483871,0.8903225806451613,0.8580645161290322,186.31,3.37,0.8856964952855363
CNN,Necker cube,theta,SGD,0.001,0.001,26,0.957258064516129,0.867741935483871,0.8548387096774194,162.04,2.33,0.8836950720512364
CNN,Necker cube,beta,SGD,0.001,0.001,24,0.847983870967742,0.8419354838709677,0.8516129032258064,147.86,1.81,0.8788471802170432
Big,Necker cube,beta,SGD,0.01,0.01,17,0.9278225806451612,0.8741935483870967,0.8516129032258064,70.14,1.68,0.9647082369685108
Small,Necker cube,alpha,SGD,1e-05,1e-05,126,0.9649193548387096,0.864516129032258,0.8516129032258064,544.67,1.79,0.929950186799502
CNN,Mona Lisa,theta,Adagrad,0.001,0.0001,68,0.9548387096774194,0.8290322580645161,0.8483870967741935,421.65,1.74,0.8766678526952499
Big,Necker cube,gamma,RMSprop,0.01,1e-05,39,0.9306451612903226,0.8612903225806452,0.8483870967741935,187.67,1.72,0.925680483899662
CNN,Mona Lisa,gamma,Adagrad,0.001,0.001,14,0.9641129032258065,0.8548387096774194,0.8483870967741935,86.84,1.8,0.87613413983277
CNN,Mona Lisa,delta,Adagrad,0.001,0.001,35,0.9375,0.8483870967741935,0.8483870967741935,213.23,1.71,0.8768457569827431
CNN,Necker cube,theta,Adadelta,0.001,0.001,34,0.9673387096774192,0.8903225806451613,0.8483870967741935,229.24,1.93,0.8770236612702367
Small,Necker cube,gamma,Adagrad,1e-05,1.0000000000000002e-07,47,0.9649193548387096,0.8838709677419355,0.8483870967741935,206.48,1.61,0.930483899661982
CNN,Mona Lisa,gamma,RMSprop,0.001,0.001,17,0.9125,0.8548387096774194,0.8451612903225807,105.66,1.75,0.8725315780110301
Small,Necker cube,theta,Adamax,1e-05,1.0000000000000002e-06,47,0.9637096774193548,0.8838709677419355,0.8451612903225807,218.97,1.62,0.950720512364348
CNN,Mona Lisa,theta,RMSprop,0.001,0.001,27,0.9024193548387096,0.8064516129032258,0.8451612903225807,168.38,1.78,0.8737769080234834
Big,Necker cube,theta,Adagrad,0.01,1e-05,74,0.95,0.8580645161290322,0.8451612903225807,357.94,1.71,0.9215886852873154
Big,Necker cube,gamma,Adam,0.01,0.01,21,0.935483870967742,0.864516129032258,0.8451612903225807,107.89,1.7,0.8935465219711795
Big,Necker cube,gamma,Adagrad,0.01,0.01,12,0.9294354838709676,0.8580645161290322,0.8451612903225807,57.7,1.7,0.9289939512542252
Big,Mona Lisa,beta,Adamax,0.01,0.01,15,0.9060483870967742,0.8483870967741935,0.8419354838709677,111.99,2.9,0.9231008717310089
CNN,Necker cube,gamma,Adamax,0.001,0.001,9,0.9512096774193548,0.8225806451612904,0.8419354838709677,58.98,1.92,0.86946272905177
Small,Necker cube,theta,SGD,1e-05,1e-05,126,0.9616935483870968,0.8516129032258064,0.8419354838709677,494.18,1.67,0.9309731364525884
Big,Necker cube,delta,Adagrad,0.01,0.001,58,0.9358870967741936,0.8709677419354839,0.8419354838709677,276.95,1.69,0.9379558797367016
CNN,Mona Lisa,gamma,Adamax,0.001,0.001,7,0.9310483870967742,0.8516129032258064,0.8419354838709677,43.99,2.13,0.8691069204767835
Big,Necker cube,beta,Adam,0.01,0.001,29,0.9423387096774194,0.8741935483870967,0.8419354838709677,147.33,1.68,0.9251912471090552
Big,Necker cube,gamma,SGD,0.01,0.01,15,0.939516129032258,0.8612903225806452,0.8387096774193549,62.88,1.74,0.925480341576232
Big,Mona Lisa,theta,Adagrad,0.01,0.001,47,0.9475806451612904,0.832258064516129,0.8387096774193549,220.23,1.66,0.924346201743462
Big,Mona Lisa,delta,Adagrad,0.01,0.001,64,0.9451612903225808,0.867741935483871,0.8387096774193549,293.11,1.6,0.9323963707525352
Small,Mona Lisa,theta,Adagrad,1e-05,1e-05,27,0.957258064516129,0.8290322580645161,0.8387096774193549,130.89,1.78,0.9223892545810354
Small,Mona Lisa,theta,SGD,1e-05,1e-05,73,0.9532258064516128,0.7935483870967742,0.8387096774193549,313.57,1.79,0.9249243906778152
CNN,Mona Lisa,gamma,SGD,0.001,0.001,34,0.9399193548387096,0.8451612903225807,0.8387096774193549,204.54,1.76,0.8658601672300302
CNN,Mona Lisa,gamma,Adam,0.001,0.001,3,0.8669354838709677,0.8258064516129032,0.8387096774193549,19.08,1.76,0.8660380715175237
Big,Mona Lisa,delta,Adamax,0.01,0.0001,78,0.9435483870967742,0.8741935483870967,0.8387096774193549,370.02,1.62,0.9182529798968156
CNN,Necker cube,gamma,Adadelta,0.001,0.001,40,0.9375,0.8451612903225807,0.8387096774193549,270.41,1.95,0.8669275929549902
CNN,Necker cube,gamma,SGD,0.001,0.001,31,0.8592741935483871,0.7935483870967742,0.8354838709677419,196.29,1.92,0.863680839708237
CNN,Necker cube,gamma,Adagrad,0.001,0.001,13,0.9451612903225808,0.8225806451612904,0.832258064516129,84.38,1.93,0.8593666607365237
CNN,Necker cube,gamma,RMSprop,0.001,0.001,18,0.9362903225806452,0.8387096774193549,0.832258064516129,117.16,1.92,0.8595445650240172
Small,Mona Lisa,delta,Adagrad,1e-05,1.0000000000000002e-06,52,0.9552419354838708,0.8741935483870967,0.832258064516129,249.08,1.78,0.9329300836150152
Big,Mona Lisa,alpha,SGD,0.01,0.001,32,0.9443548387096774,0.8580645161290322,0.832258064516129,204.3,3.09,0.9186532645436756
Big,Necker cube,beta,NAdam,0.01,0.01,18,0.8955645161290322,0.832258064516129,0.832258064516129,96.57,1.75,0.9047544920832592
CNN,Mona Lisa,alpha,Adamax,0.001,0.001,15,0.957258064516129,0.8516129032258064,0.832258064516129,131.43,3.0,0.8599003735990037
CNN,Mona Lisa,gamma,NAdam,0.001,0.001,15,0.9080645161290324,0.8258064516129032,0.832258064516129,96.02,1.77,0.8588329478740437
Small,Necker cube,alpha,Adagrad,1e-05,1e-05,47,0.9629032258064516,0.8548387096774194,0.832258064516129,230.26,1.8,0.9215886852873154
Small,Mona Lisa,alpha,SGD,1e-05,1.0000000000000002e-07,73,0.9512096774193548,0.8290322580645161,0.8290322580645161,472.27,3.34,0.9205657356342288
Big,Necker cube,delta,Adam,0.01,0.001,40,0.9032258064516128,0.8290322580645161,0.8290322580645161,204.17,1.71,0.9290606653620352
Big,Necker cube,delta,RMSprop,0.01,0.001,49,0.9080645161290324,0.8451612903225807,0.8258064516129032,236.26,1.71,0.9220334460060488
Big,Necker cube,theta,Adamax,0.01,0.001,65,0.9419354838709676,0.8580645161290322,0.8193548387096774,327.11,1.72,0.9113591887564492
CNN,Necker cube,gamma,Adam,0.001,0.001,19,0.8399193548387097,0.832258064516129,0.8161290322580645,124.64,1.93,0.8420654687777975
Big,Mona Lisa,alpha,RMSprop,0.01,0.001,35,0.9375,0.8419354838709677,0.8161290322580645,245.81,2.82,0.898105319338196
Small,Necker cube,theta,Adagrad,1e-05,1.0000000000000002e-06,47,0.9528225806451612,0.864516129032258,0.8161290322580645,210.23,1.6,0.910425191247109
Big,Necker cube,gamma,NAdam,0.01,0.01,15,0.9092741935483872,0.8741935483870967,0.8129032258064516,80.86,1.71,0.9209215442092156
CNN,Necker cube,alpha,Adagrad,0.001,0.001,32,0.947983870967742,0.8161290322580645,0.8129032258064516,199.77,1.78,0.840775662693471
CNN,Necker cube,delta,Adagrad,0.001,0.001,43,0.9290322580645162,0.8032258064516129,0.8096774193548387,271.35,1.87,0.837706813734211
Big,Necker cube,alpha,Adagrad,0.01,0.01,23,0.9092741935483872,0.8225806451612904,0.8096774193548387,108.66,1.68,0.890188578544743
Small,Necker cube,gamma,SGD,1e-05,1e-05,47,0.9491935483870968,0.8516129032258064,0.8096774193548387,181.28,1.61,0.9170521259562356
Big,Mona Lisa,theta,Adam,0.01,0.001,36,0.9181451612903224,0.7870967741935484,0.8096774193548387,179.94,1.65,0.8896103896103897
Big,Mona Lisa,theta,SGD,0.01,0.001,39,0.9358870967741936,0.8290322580645161,0.8096774193548387,160.09,1.66,0.9227005870841488
Big,Mona Lisa,alpha,Adagrad,0.01,0.01,23,0.914516129032258,0.8387096774193549,0.8064516129032258,159.18,2.71,0.8958815157445293
CNN,Mona Lisa,alpha,RMSprop,0.001,0.0001,26,0.9431451612903226,0.8064516129032258,0.8064516129032258,226.36,2.97,0.8321473047500445
CNN,Necker cube,gamma,NAdam,0.001,0.001,6,0.9435483870967742,0.8129032258064516,0.8064516129032258,39.78,1.92,0.8333926347624979
CNN,Mona Lisa,alpha,Adam,0.001,0.0001,15,0.9544354838709678,0.8096774193548387,0.8064516129032258,130.49,2.95,0.8328589219000178
CNN,Mona Lisa,delta,Adamax,0.001,0.001,21,0.885483870967742,0.8258064516129032,0.8064516129032258,129.04,1.73,0.8333926347624979
CNN,Necker cube,alpha,RMSprop,0.001,0.0001,39,0.9217741935483872,0.8129032258064516,0.8032258064516129,243.95,1.81,0.8299679772282512
Big,Mona Lisa,alpha,Adamax,0.01,0.0001,51,0.9346774193548388,0.8290322580645161,0.8,362.22,2.74,0.9159847002312754
Small,Necker cube,delta,Adagrad,1e-05,1e-05,47,0.9338709677419356,0.8129032258064516,0.8,202.5,1.52,0.9081569115815692
Big,Necker cube,alpha,NAdam,0.01,0.001,43,0.9274193548387096,0.8419354838709677,0.8,228.23,1.7,0.8791362746842198
CNN,Necker cube,alpha,Adam,0.001,0.0001,14,0.9241935483870968,0.7903225806451613,0.7967741935483871,88.73,1.8,0.8238302793097314
CNN,Mona Lisa,theta,Adamax,0.001,0.0001,39,0.95,0.8064516129032258,0.7967741935483871,243.27,1.76,0.8236523750222381
Big,Mona Lisa,delta,RMSprop,0.01,0.0001,64,0.9294354838709676,0.8612903225806452,0.7935483870967742,293.09,1.64,0.8490037359900373
CNN,Necker cube,alpha,NAdam,0.001,0.001,33,0.9125,0.8,0.7903225806451613,210.12,1.79,0.8160914428037715
Big,Necker cube,alpha,SGD,0.01,0.01,24,0.894758064516129,0.8,0.7870967741935484,99.81,1.72,0.903976160825476
Big,Mona Lisa,delta,SGD,0.01,0.01,15,0.8306451612903226,0.7870967741935484,0.7870967741935484,59.21,1.59,0.8852072584949296
CNN,Mona Lisa,theta,NAdam,0.001,0.0001,56,0.8762096774193548,0.7806451612903226,0.7838709677419354,356.11,1.76,0.8095979363102651
Small,Mona Lisa,delta,SGD,1e-05,1.0000000000000002e-07,78,0.9411290322580644,0.8516129032258064,0.7838709677419354,330.98,1.77,0.8986390322006761
Big,Necker cube,theta,NAdam,0.01,0.001,45,0.907258064516129,0.8193548387096774,0.7838709677419354,243.61,1.73,0.8746219533890767
Big,Necker cube,theta,RMSprop,0.01,0.001,31,0.9092741935483872,0.8387096774193549,0.7806451612903226,150.66,1.74,0.8646148372175768
CNN,Necker cube,theta,RMSprop,0.001,0.0001,21,0.8673387096774193,0.7548387096774194,0.7774193548387097,133.7,1.86,0.8036381426792385
Big,Mona Lisa,theta,Adamax,0.01,0.001,27,0.9068548387096774,0.7645161290322581,0.7774193548387097,131.82,1.65,0.8945027575164561
Big,Necker cube,theta,SGD,0.01,0.01,33,0.8903225806451613,0.8225806451612904,0.7741935483870968,139.11,1.74,0.8722202455079168
Big,Mona Lisa,theta,NAdam,0.01,0.001,27,0.8592741935483871,0.7870967741935484,0.7741935483870968,142.62,1.67,0.8896548656822629
Big,Necker cube,alpha,Adamax,0.01,0.01,29,0.9112903225806452,0.8096774193548387,0.7741935483870968,142.66,1.66,0.8635474114926169
Big,Mona Lisa,alpha,Adam,0.01,0.01,14,0.8383064516129032,0.7709677419354839,0.7741935483870968,428.15,3.53,0.8813823163138231
CNN,Necker cube,theta,Adamax,0.001,0.0001,27,0.8754032258064516,0.7548387096774194,0.7741935483870968,173.34,1.85,0.8011030065824586
Big,Mona Lisa,delta,NAdam,0.01,0.001,35,0.8762096774193548,0.8129032258064516,0.7741935483870968,180.6,1.59,0.8837173100871731
CNN,Mona Lisa,alpha,Adagrad,0.001,0.001,21,0.894758064516129,0.7774193548387097,0.7709677419354839,182.09,2.95,0.7957214018857856
Big,Mona Lisa,theta,RMSprop,0.01,0.01,25,0.8403225806451613,0.7677419354838709,0.7709677419354839,117.3,1.65,0.8800702721935598
CNN,Necker cube,alpha,Adamax,0.001,0.001,26,0.8524193548387097,0.7483870967741936,0.7709677419354839,163.27,1.78,0.7967888276107453
CNN,Mona Lisa,alpha,NAdam,0.001,0.001,13,0.825,0.7709677419354839,0.7677419354838709,115.55,2.92,0.7917630314890589
Big,Mona Lisa,delta,Adam,0.01,0.01,31,0.8540322580645161,0.8032258064516129,0.7677419354838709,153.88,1.62,0.8260540829033979
Small,Necker cube,delta,SGD,1e-05,1.0000000000000002e-06,78,0.925,0.8064516129032258,0.7645161290322581,296.08,1.59,0.861145703611457
CNN,Mona Lisa,delta,Adam,0.001,0.0001,22,0.8568548387096774,0.7709677419354839,0.7645161290322581,136.02,1.72,0.7899395125422523
Big,Mona Lisa,shap,Adam,0.01,0.01,26,0.85,0.7483870967741936,0.7645161290322581,255.57,4.23,0.8687733499377335
CNN,Necker cube,theta,Adagrad,0.001,0.001,27,0.894758064516129,0.7774193548387097,0.7645161290322581,175.32,1.84,0.7910069382672122
Big,Necker cube,delta,Adamax,0.01,0.01,15,0.8092741935483871,0.7548387096774194,0.7612903225806451,74.52,1.69,0.8545187689023306
Big,Necker cube,delta,SGD,0.01,0.01,13,0.8262096774193548,0.7677419354838709,0.7612903225806451,54.07,1.7,0.8573652375022238
Big,Necker cube,theta,Adam,0.01,0.001,47,0.9189516129032258,0.8064516129032258,0.7580645161290323,242.88,1.72,0.8704412026329834
Big,Necker cube,delta,NAdam,0.01,0.01,27,0.8338709677419355,0.8064516129032258,0.7580645161290323,145.02,1.69,0.8613236078989505
CNN,Necker cube,theta,Adam,0.001,0.0001,48,0.8520161290322581,0.7387096774193549,0.7451612903225806,308.56,1.87,0.7704589930617328
CNN,Necker cube,delta,Adamax,0.001,0.0001,38,0.894758064516129,0.7774193548387097,0.7419354838709677,241.51,1.83,0.7673901441024729
CNN,Necker cube,delta,SGD,0.001,0.001,21,0.7629032258064516,0.7451612903225806,0.7419354838709677,134.77,1.9,0.7665006226650062
Big,Mona Lisa,alpha,NAdam,0.01,0.01,8,0.8,0.7322580645161291,0.7419354838709677,60.43,2.76,0.8394858566091443
CNN,Mona Lisa,theta,Adam,0.001,0.0001,32,0.8306451612903226,0.7580645161290323,0.7419354838709677,201.11,1.77,0.7659669098025261
CNN,Necker cube,theta,NAdam,0.001,1e-05,95,0.8891129032258065,0.7709677419354839,0.7387096774193549,616.25,1.85,0.763787582280733
Big,Necker cube,alpha,Adam,0.01,0.01,11,0.842741935483871,0.7354838709677419,0.7258064516129032,55.52,1.67,0.8166696317381248
Big,Necker cube,alpha,RMSprop,0.01,0.01,15,0.834274193548387,0.7419354838709677,0.7225806451612903,71.12,1.68,0.7820672478206725
Big,Necker cube,shap,Adadelta,0.01,0.01,89,0.9657258064516128,0.8064516129032258,0.7129032258064516,442.46,1.67,0.8329478740437645
CNN,Mona Lisa,shap,Adamax,0.001,0.001,28,0.8036290322580645,0.7064516129032258,0.6967741935483871,180.0,3.08,0.7214018857854474
CNN,Necker cube,delta,NAdam,0.001,0.0001,76,0.777016129032258,0.7129032258064516,0.6806451612903226,490.47,1.82,0.7035669809642412
Small,Mona Lisa,beta,Adadelta,1e-05,1e-05,98,0.8104838709677419,0.6645161290322581,0.6741935483870968,547.43,1.87,0.7837128624799858
Small,Mona Lisa,gamma,Adadelta,1e-05,1.0000000000000002e-07,73,0.6987903225806451,0.6774193548387096,0.6225806451612903,413.03,1.78,0.6926703433552749
Small,Necker cube,beta,Adadelta,1e-05,1.0000000000000002e-06,78,0.7088709677419355,0.6225806451612903,0.6193548387096774,332.79,1.11,0.7233143568760007
Small,Mona Lisa,alpha,Adadelta,1e-05,1.0000000000000002e-06,115,0.7459677419354839,0.6258064516129033,0.5903225806451613,889.53,2.78,0.6871553104429816
CNN,Necker cube,delta,Adam,0.001,0.001,25,0.7677419354838709,0.7419354838709677,0.5903225806451613,161.14,1.84,0.6094556128802705
Small,Mona Lisa,theta,Adadelta,1e-05,1.0000000000000002e-07,78,0.6487903225806452,0.5806451612903226,0.5774193548387097,443.65,1.78,0.610745418964597
CNN,Necker cube,delta,RMSprop,0.001,0.001,11,0.7036290322580645,0.5967741935483871,0.5645161290322581,69.86,1.85,0.583837395481231
CNN,Mona Lisa,delta,NAdam,0.001,0.001,7,0.569758064516129,0.5548387096774193,0.5580645161290323,43.85,2.04,0.5736078989503648
Small,Necker cube,alpha,Adadelta,1e-05,1.0000000000000002e-06,65,0.6508064516129032,0.5967741935483871,0.5451612903225806,371.32,1.81,0.5920209927059242
Small,Necker cube,gamma,Adadelta,1e-05,1.0000000000000002e-06,27,0.5661290322580645,0.4967741935483871,0.535483870967742,140.65,1.58,0.5761430350471446
CNN,Mona Lisa,delta,RMSprop,0.001,0.001,5,0.5286290322580646,0.5580645161290323,0.535483870967742,31.23,1.72,0.550346913360612
Small,Necker cube,theta,Adadelta,1e-05,1.0000000000000002e-07,18,0.494758064516129,0.4903225806451612,0.5032258064516129,95.13,1.6,0.4931506849315068
Small,Mona Lisa,delta,Adadelta,1e-05,1.0000000000000004e-08,26,0.5209677419354839,0.5645161290322581,0.4935483870967742,145.77,1.76,0.5168564312399929
Small,Necker cube,delta,Adadelta,1e-05,1e-05,4,0.4794354838709677,0.5129032258064516,0.4612903225806452,20.7,1.54,0.4525885073830279
