Model,Accuracy,Precision,Recall,F1-Score,Specificity,Sensitivity,Cohen_Kappa,ROC_AUC,Training_Time,Most_Efficient_Class,signal_fiq,dataset,PreProcesstime
Random Forest,0.759656652360515,0.7927927927927928,0.7272727272727273,0.7586206896551724,0.7946428571428571,0.7272727272727273,0.5201882768257704,0.835965171192444,3.2340121269226074,left hemiparesis,delta,Mona Lisa,50.29229712486267
SVM (RBF),0.5278969957081545,0.569620253164557,0.371900826446281,0.45,0.6964285714285714,0.371900826446281,0.06738956407830587,0.6109799291617474,54.1627254486084,left hemiparesis,delta,Mona Lisa,50.29229712486267
SVM (Linear),0.7253218884120172,0.7522123893805309,0.7024793388429752,0.7264957264957265,0.75,0.7024793388429752,0.4512805416544009,0.8170749704840614,24.69003462791443,right hemiparesis,delta,Mona Lisa,50.29229712486267
Logistic Regression,0.7510729613733905,0.7787610619469026,0.7272727272727273,0.752136752136752,0.7767857142857143,0.7272727272727273,0.5027229908743008,0.8371458087367178,21.759172439575195,right hemiparesis,delta,Mona Lisa,50.29229712486267
Decision Tree,0.5708154506437768,0.5882352941176471,0.5785123966942148,0.5833333333333334,0.5625,0.5785123966942148,0.14091881129710204,0.5705061983471074,14.009869575500488,right hemiparesis,delta,Mona Lisa,50.29229712486267
KNN,0.5793991416309013,0.6036036036036037,0.5537190082644629,0.5775862068965517,0.6071428571428571,0.5537190082644629,0.1603294844450982,0.609245867768595,0.7211880683898926,left hemiparesis,delta,Mona Lisa,50.29229712486267
Naive Bayes,0.4721030042918455,0.46875,0.12396694214876033,0.19607843137254902,0.8482142857142857,0.12396694214876033,-0.02702024726751473,0.434991145218418,0.7888360023498535,left hemiparesis,delta,Mona Lisa,50.29229712486267
Deep Learning (Neural Network),0.7081545064377682,0.7676767676767676,0.628099173553719,0.6909090909090909,0.7946428571428571,0.628099173553719,0.41967621419676215,0.7782615112160566,306.89751052856445,left hemiparesis,delta,Mona Lisa,50.29229712486267
Random Forest,0.7467811158798283,0.7924528301886793,0.6942148760330579,0.7400881057268722,0.8035714285714286,0.6942148760330579,0.4953192114247953,0.8076667650531286,3.283703565597534,left hemiparesis,theta,Mona Lisa,47.36446166038513
SVM (RBF),0.7296137339055794,0.7230769230769231,0.7768595041322314,0.7490039840637449,0.6785714285714286,0.7768595041322314,0.4567960626133294,0.786525974025974,53.776668071746826,right hemiparesis,theta,Mona Lisa,47.36446166038513
SVM (Linear),0.7510729613733905,0.8058252427184466,0.6859504132231405,0.7410714285714286,0.8214285714285714,0.6859504132231405,0.5043644098877722,0.8033869539551358,21.26460909843445,left hemiparesis,theta,Mona Lisa,47.36446166038513
Logistic Regression,0.759656652360515,0.8095238095238095,0.7024793388429752,0.7522123893805311,0.8214285714285714,0.7024793388429752,0.5211391661773341,0.8089580873671782,14.153494596481323,left hemiparesis,theta,Mona Lisa,47.36446166038513
Decision Tree,0.6866952789699571,0.6935483870967742,0.7107438016528925,0.7020408163265306,0.6607142857142857,0.7107438016528925,0.37182848912361044,0.6857290436835891,15.849847555160522,right hemiparesis,theta,Mona Lisa,47.36446166038513
KNN,0.6566523605150214,0.664,0.6859504132231405,0.6747967479674797,0.625,0.6859504132231405,0.3113639722181174,0.703254132231405,0.6701521873474121,right hemiparesis,theta,Mona Lisa,47.36446166038513
Naive Bayes,0.5407725321888412,0.54375,0.71900826446281,0.6192170818505338,0.3482142857142857,0.71900826446281,0.06810451164355402,0.5339064344746163,0.6789658069610596,right hemiparesis,theta,Mona Lisa,47.36446166038513
Deep Learning (Neural Network),0.7167381974248928,0.7165354330708661,0.7520661157024794,0.7338709677419355,0.6785714285714286,0.7520661157024794,0.4314972273567468,0.7899940968122786,304.3033754825592,right hemiparesis,theta,Mona Lisa,47.36446166038513
Random Forest,0.7424892703862661,0.801980198019802,0.6694214876033058,0.7297297297297298,0.8214285714285714,0.6694214876033058,0.48761178712798703,0.8341573199527744,3.143345832824707,left hemiparesis,alpha,Mona Lisa,46.94034433364868
SVM (RBF),0.7167381974248928,0.7272727272727273,0.7272727272727273,0.7272727272727273,0.7053571428571429,0.7272727272727273,0.4326298701298701,0.7656803423848878,53.155046463012695,right hemiparesis,alpha,Mona Lisa,46.94034433364868
SVM (Linear),0.6995708154506438,0.7007874015748031,0.7355371900826446,0.7177419354838708,0.6607142857142857,0.7355371900826446,0.3970425138632163,0.7592606257378984,20.93994140625,right hemiparesis,alpha,Mona Lisa,46.94034433364868
Logistic Regression,0.7253218884120172,0.728,0.7520661157024794,0.7398373983739837,0.6964285714285714,0.7520661157024794,0.4490911777744939,0.7736865407319953,9.027908563613892,right hemiparesis,alpha,Mona Lisa,46.94034433364868
Decision Tree,0.6738197424892703,0.6991150442477876,0.6528925619834711,0.6752136752136753,0.6964285714285714,0.6528925619834711,0.34839564321460115,0.6746605667060213,14.2427237033844,right hemiparesis,alpha,Mona Lisa,46.94034433364868
KNN,0.6394849785407726,0.6370370370370371,0.7107438016528925,0.6718749999999999,0.5625,0.7107438016528925,0.2745199792423455,0.6898612750885478,0.6646256446838379,right hemiparesis,alpha,Mona Lisa,46.94034433364868
Naive Bayes,0.5150214592274678,0.527027027027027,0.6446280991735537,0.5799256505576208,0.375,0.6446280991735537,0.019805666207512784,0.5088547815820543,0.6618869304656982,right hemiparesis,alpha,Mona Lisa,46.94034433364868
Deep Learning (Neural Network),0.6781115879828327,0.73,0.6033057851239669,0.6606334841628959,0.7589285714285714,0.6033057851239669,0.359725937053457,0.7199675324675323,292.20287799835205,left hemiparesis,alpha,Mona Lisa,46.94034433364868
Random Forest,0.8240343347639485,0.8773584905660378,0.768595041322314,0.8193832599118943,0.8839285714285714,0.768595041322314,0.6492896214985866,0.909017119244392,3.052593231201172,left hemiparesis,beta,Mona Lisa,47.16241240501404
SVM (RBF),0.8969957081545065,0.9217391304347826,0.8760330578512396,0.8983050847457628,0.9196428571428571,0.8760330578512396,0.7940938213417778,0.9586776859504132,51.7551703453064,right hemiparesis,beta,Mona Lisa,47.16241240501404
SVM (Linear),0.9227467811158798,0.9186991869918699,0.9338842975206612,0.9262295081967213,0.9107142857142857,0.9338842975206612,0.8451598611828989,0.9508559622195984,25.3225314617157,right hemiparesis,beta,Mona Lisa,47.16241240501404
Logistic Regression,0.927038626609442,0.9193548387096774,0.9421487603305785,0.9306122448979591,0.9107142857142857,0.9421487603305785,0.853713483768512,0.9582349468713105,2.6621768474578857,right hemiparesis,beta,Mona Lisa,47.16241240501404
Decision Tree,0.6695278969957081,0.7115384615384616,0.6115702479338843,0.6577777777777778,0.7321428571428571,0.6115702479338843,0.3417837619694024,0.6718565525383707,12.369634866714478,left hemiparesis,beta,Mona Lisa,47.16241240501404
KNN,0.7982832618025751,0.7936507936507936,0.8264462809917356,0.8097165991902834,0.7678571428571429,0.8264462809917356,0.5952917698362836,0.8672520661157026,0.6504671573638916,right hemiparesis,beta,Mona Lisa,47.16241240501404
Naive Bayes,0.5665236051502146,0.6428571428571429,0.371900826446281,0.4712041884816754,0.7767857142857143,0.371900826446281,0.1462104995827741,0.6644775678866588,0.6680583953857422,left hemiparesis,beta,Mona Lisa,47.16241240501404
Deep Learning (Neural Network),0.8240343347639485,0.8636363636363636,0.7851239669421488,0.8225108225108226,0.8660714285714286,0.7851239669421488,0.6488254971878102,0.8981700118063753,306.04319763183594,left hemiparesis,beta,Mona Lisa,47.16241240501404
Random Forest,0.8669527896995708,0.8688524590163934,0.8760330578512396,0.8724279835390946,0.8571428571428571,0.8760330578512396,0.7334194500830411,0.9511511216056671,2.927426815032959,right hemiparesis,gamma,Mona Lisa,46.386698722839355
SVM (RBF),0.8884120171673819,0.88,0.9090909090909091,0.8943089430894309,0.8660714285714286,0.9090909090909091,0.7761932909708882,0.9636216056670601,49.60959434509277,right hemiparesis,gamma,Mona Lisa,46.386698722839355
SVM (Linear),0.8841201716738197,0.9122807017543859,0.859504132231405,0.8851063829787233,0.9107142857142857,0.859504132231405,0.768432289174366,0.9279073199527745,20.333245515823364,right hemiparesis,gamma,Mona Lisa,46.386698722839355
Logistic Regression,0.8841201716738197,0.9122807017543859,0.859504132231405,0.8851063829787233,0.9107142857142857,0.859504132231405,0.768432289174366,0.9279811097992916,4.174935817718506,right hemiparesis,gamma,Mona Lisa,46.386698722839355
Decision Tree,0.6051502145922747,0.6260869565217392,0.5950413223140496,0.6101694915254238,0.6160714285714286,0.5950413223140496,0.21069298181014795,0.6055563754427391,12.345681428909302,right hemiparesis,gamma,Mona Lisa,46.386698722839355
KNN,0.8583690987124464,0.860655737704918,0.8677685950413223,0.8641975308641975,0.8482142857142857,0.8677685950413223,0.7162207049271083,0.9209710743801653,0.7175521850585938,right hemiparesis,gamma,Mona Lisa,46.386698722839355
Naive Bayes,0.5364806866952789,0.6274509803921569,0.2644628099173554,0.37209302325581395,0.8303571428571429,0.2644628099173554,0.09266604168169035,0.578844451003542,0.6492986679077148,left hemiparesis,gamma,Mona Lisa,46.386698722839355
Deep Learning (Neural Network),0.8454935622317596,0.8695652173913043,0.8264462809917356,0.8474576271186441,0.8660714285714286,0.8264462809917356,0.6911407320126666,0.9084268004722551,215.0304398536682,right hemiparesis,gamma,Mona Lisa,46.386698722839355
Random Forest,0.7253218884120172,0.7821782178217822,0.6528925619834711,0.7117117117117117,0.8035714285714286,0.6528925619834711,0.4534525729365195,0.812832054309327,3.200849771499634,left hemiparesis,delta,Necker cube,49.60102438926697
SVM (RBF),0.4892703862660944,0.5128205128205128,0.3305785123966942,0.4020100502512563,0.6607142857142857,0.3305785123966942,-0.008584627696337055,0.5487012987012988,52.372806549072266,left hemiparesis,delta,Necker cube,49.60102438926697
SVM (Linear),0.7167381974248928,0.7433628318584071,0.6942148760330579,0.7179487179487178,0.7410714285714286,0.6942148760330579,0.43413305858110096,0.7555342384887841,26.23120617866516,right hemiparesis,delta,Necker cube,49.60102438926697
Logistic Regression,0.7253218884120172,0.7435897435897436,0.71900826446281,0.7310924369747899,0.7321428571428571,0.71900826446281,0.4505526897568165,0.7754574970484062,28.62061071395874,right hemiparesis,delta,Necker cube,49.60102438926697
Decision Tree,0.6008583690987125,0.64,0.5289256198347108,0.5791855203619909,0.6785714285714286,0.5289256198347108,0.20606016194628662,0.6037485242030697,13.891905784606934,left hemiparesis,delta,Necker cube,49.60102438926697
KNN,0.5622317596566524,0.6,0.47107438016528924,0.5277777777777777,0.6607142857142857,0.47107438016528924,0.13066061891872127,0.583788370720189,0.6332731246948242,left hemiparesis,delta,Necker cube,49.60102438926697
Naive Bayes,0.4678111587982833,0.4444444444444444,0.09917355371900827,0.16216216216216217,0.8660714285714286,0.09917355371900827,-0.033703041144901746,0.4549512987012987,0.6536519527435303,left hemiparesis,delta,Necker cube,49.60102438926697
Deep Learning (Neural Network),0.6995708154506438,0.7475728155339806,0.6363636363636364,0.6875,0.7678571428571429,0.6363636363636364,0.40181911538179416,0.7427685950413223,304.38031125068665,left hemiparesis,delta,Necker cube,49.60102438926697
Random Forest,0.7381974248927039,0.8061224489795918,0.6528925619834711,0.7214611872146119,0.8303571428571429,0.6528925619834711,0.4795869796052873,0.8161157024793388,3.154282569885254,left hemiparesis,theta,Necker cube,47.40009832382202
SVM (RBF),0.6995708154506438,0.717948717948718,0.6942148760330579,0.7058823529411764,0.7053571428571429,0.6942148760330579,0.39904200442151805,0.7605150531286895,50.603572845458984,right hemiparesis,theta,Necker cube,47.40009832382202
SVM (Linear),0.7124463519313304,0.7109375,0.7520661157024794,0.7309236947791166,0.6696428571428571,0.7520661157024794,0.4226914685107799,0.7399645808736718,21.87154483795166,right hemiparesis,theta,Necker cube,47.40009832382202
Logistic Regression,0.721030042918455,0.7153846153846154,0.768595041322314,0.7410358565737052,0.6696428571428571,0.768595041322314,0.43955149317248265,0.7528040141676505,11.83980417251587,right hemiparesis,theta,Necker cube,47.40009832382202
Decision Tree,0.5665236051502146,0.6,0.49586776859504134,0.5429864253393666,0.6428571428571429,0.49586776859504134,0.13776426189865543,0.5693624557260921,13.544716119766235,left hemiparesis,theta,Necker cube,47.40009832382202
KNN,0.630901287553648,0.6377952755905512,0.6694214876033058,0.6532258064516129,0.5892857142857143,0.6694214876033058,0.25922365988909424,0.6791617473435655,0.596820592880249,right hemiparesis,theta,Necker cube,47.40009832382202
Naive Bayes,0.5493562231759657,0.5506329113924051,0.71900826446281,0.6236559139784947,0.36607142857142855,0.71900826446281,0.08613798513316662,0.5509518890200709,0.6433825492858887,right hemiparesis,theta,Necker cube,47.40009832382202
Deep Learning (Neural Network),0.6909871244635193,0.7247706422018348,0.6528925619834711,0.6869565217391305,0.7321428571428571,0.6528925619834711,0.3835072762016758,0.7607733175914994,260.2303194999695,left hemiparesis,theta,Necker cube,47.40009832382202
Random Forest,0.7639484978540773,0.84375,0.6694214876033058,0.7465437788018433,0.8660714285714286,0.6694214876033058,0.5310841962750192,0.8574380165289256,3.2234232425689697,left hemiparesis,alpha,Necker cube,47.64714217185974
SVM (RBF),0.7467811158798283,0.746031746031746,0.7768595041322314,0.7611336032388664,0.7142857142857143,0.7768595041322314,0.4919620089434199,0.8248966942148761,53.48612093925476,right hemiparesis,alpha,Necker cube,47.64714217185974
SVM (Linear),0.7124463519313304,0.7288135593220338,0.7107438016528925,0.7196652719665272,0.7142857142857143,0.7107438016528925,0.42460653864582953,0.7380829397874853,21.129319667816162,right hemiparesis,alpha,Necker cube,47.64714217185974
Logistic Regression,0.703862660944206,0.7241379310344828,0.6942148760330579,0.7088607594936709,0.7142857142857143,0.6942148760330579,0.40782349257799544,0.755202184179457,9.368932008743286,right hemiparesis,alpha,Necker cube,47.64714217185974
Decision Tree,0.5450643776824035,0.5714285714285714,0.49586776859504134,0.5309734513274337,0.5982142857142857,0.49586776859504134,0.09358485026423946,0.5470410271546635,14.198293447494507,left hemiparesis,alpha,Necker cube,47.64714217185974
KNN,0.6695278969957081,0.6692307692307692,0.71900826446281,0.6932270916334662,0.6160714285714286,0.71900826446281,0.3360840765274026,0.7198568476977567,0.6814823150634766,right hemiparesis,alpha,Necker cube,47.64714217185974
Naive Bayes,0.5450643776824035,0.5555555555555556,0.6198347107438017,0.5859375,0.4642857142857143,0.6198347107438017,0.08451330713915028,0.5491440377804013,0.6460955142974854,right hemiparesis,alpha,Necker cube,47.64714217185974
Deep Learning (Neural Network),0.6866952789699571,0.6935483870967742,0.7107438016528925,0.7020408163265306,0.6607142857142857,0.7107438016528925,0.37182848912361044,0.7562352420306966,307.1944217681885,right hemiparesis,alpha,Necker cube,47.64714217185974
Random Forest,0.8068669527896996,0.8725490196078431,0.7355371900826446,0.7982062780269059,0.8839285714285714,0.7355371900826446,0.6155820348304308,0.9077995867768595,3.0884768962860107,left hemiparesis,beta,Necker cube,47.65281915664673
SVM (RBF),0.9098712446351931,0.923728813559322,0.9008264462809917,0.9121338912133891,0.9196428571428571,0.9008264462809917,0.8196527956949615,0.9732880755608028,51.89745330810547,right hemiparesis,beta,Necker cube,47.65281915664673
SVM (Linear),0.9098712446351931,0.9032258064516129,0.9256198347107438,0.9142857142857143,0.8928571428571429,0.9256198347107438,0.8192931270081619,0.9346221959858323,27.022711753845215,right hemiparesis,beta,Necker cube,47.65281915664673
Logistic Regression,0.9098712446351931,0.9032258064516129,0.9256198347107438,0.9142857142857143,0.8928571428571429,0.9256198347107438,0.8192931270081619,0.9428128689492327,2.637178421020508,right hemiparesis,beta,Necker cube,47.65281915664673
Decision Tree,0.6008583690987125,0.625,0.5785123966942148,0.6008583690987125,0.625,0.5785123966942148,0.20290601434614675,0.6017561983471074,14.07149600982666,right hemiparesis,beta,Necker cube,47.65281915664673
KNN,0.8369098712446352,0.8120300751879699,0.8925619834710744,0.8503937007874016,0.7767857142857143,0.8925619834710744,0.6720254852570751,0.8945543093270366,0.6354818344116211,right hemiparesis,beta,Necker cube,47.65281915664673
Naive Bayes,0.6781115879828327,0.6493506493506493,0.8264462809917356,0.7272727272727273,0.5178571428571429,0.8264462809917356,0.34811802887305554,0.6889389020070837,0.6429955959320068,right hemiparesis,beta,Necker cube,47.65281915664673
Deep Learning (Neural Network),0.8454935622317596,0.9207920792079208,0.768595041322314,0.8378378378378378,0.9285714285714286,0.768595041322314,0.6925670722767923,0.9018226092089727,305.49468874931335,left hemiparesis,beta,Necker cube,47.65281915664673
Random Forest,0.8412017167381974,0.8559322033898306,0.8347107438016529,0.8451882845188284,0.8482142857142857,0.8347107438016529,0.6822454019387416,0.939344746162928,3.0087990760803223,right hemiparesis,gamma,Necker cube,48.13519501686096
SVM (RBF),0.8969957081545065,0.888,0.9173553719008265,0.9024390243902439,0.875,0.9173553719008265,0.7934091916654352,0.9780106257378984,48.43987560272217,right hemiparesis,gamma,Necker cube,48.13519501686096
SVM (Linear),0.944206008583691,0.9736842105263158,0.9173553719008265,0.9446808510638298,0.9732142857142857,0.9173553719008265,0.8885044355283984,0.9586038961038961,19.674014568328857,right hemiparesis,gamma,Necker cube,48.13519501686096
Logistic Regression,0.9227467811158798,0.9401709401709402,0.9090909090909091,0.9243697478991597,0.9375,0.9090909090909091,0.8454679439941046,0.956685360094451,2.6655962467193604,right hemiparesis,gamma,Necker cube,48.13519501686096
Decision Tree,0.6781115879828327,0.6885245901639344,0.6942148760330579,0.6913580246913581,0.6607142857142857,0.6942148760330579,0.3550470566525189,0.6774645808736718,11.313951969146729,right hemiparesis,gamma,Necker cube,48.13519501686096
KNN,0.8798283261802575,0.8907563025210085,0.8760330578512396,0.8833333333333333,0.8839285714285714,0.8760330578512396,0.7594572671631885,0.9540289256198348,1.099461555480957,right hemiparesis,gamma,Necker cube,48.13519501686096
Naive Bayes,0.5150214592274678,0.58,0.2396694214876033,0.33918128654970764,0.8125,0.2396694214876033,0.050967811700248666,0.599358028335301,0.6658918857574463,left hemiparesis,gamma,Necker cube,48.13519501686096
Deep Learning (Neural Network),0.9184549356223176,0.9553571428571429,0.8842975206611571,0.9184549356223176,0.9553571428571429,0.8842975206611571,0.8371528416406107,0.95543093270366,220.16726875305176,right hemiparesis,gamma,Necker cube,48.13519501686096
